{
  "hildesheim": [
    52.1527188,
    9.9518083
  ],
  "31134|hildesheim": [
    52.1527188,
    9.9518083
  ],
  "kassel": [
    51.3157833,
    9.4978479
  ],
  "wrocław": [
    51.1089776,
    17.0326689
  ],
  "wroclaw": [
    51.1089776,
    17.0326689
  ],
  "wien": [
    48.2083537,
    16.3725042
  ],
  "zürich": [
    47.3744489,
    8.5410422
  ],
  "warschau": [
    52.2319581,
    21.0067249
  ],
  "80000|münchen": [
    48.1371079,
    11.5753822
  ],
  "97080|würzburg": [
    49.7933723,
    9.9309779
  ],
  "90000|nürnberg": [
    49.453872,
    11.077298
  ],
  "schulstraße 12|97080|würzburg": [
    49.8089453,
    9.8730171
  ],
  "anton-pichler-straße|90431|nürnberg": [
    49.453872,
    11.077298
  ],
  "kumpfmühler straße 52|93051|regensburg": [
    49.006901,
    12.086006
  ],
  "brienner straße|80333|münchen": [
    48.1466959,
    11.5621133
  ]
}