{
  "hildesheim": [
    52.1527188,
    9.9518083
  ],
  "31134|hildesheim": [
    52.1527188,
    9.9518083
  ],
  "kassel": [
    51.3157833,
    9.4978479
  ],
  "wrocław": [
    51.1089776,
    17.0326689
  ],
  "wroclaw": [
    51.1089776,
    17.0326689
  ],
  "wien": [
    48.2083537,
    16.3725042
  ],
  "zürich": [
    47.3744489,
    8.5410422
  ],
  "warschau": [
    52.2319581,
    21.0067249
  ],
  "80000|münchen": [
    48.1371079,
    11.5753822
  ],
  "97080|würzburg": [
    49.7933723,
    9.9309779
  ],
  "90000|nürnberg": [
    49.453872,
    11.077298
  ],
  "schulstraße 12|97080|würzburg": [
    49.8089453,
    9.8730171
  ],
  "anton-pichler-straße|90431|nürnberg": [
    49.453872,
    11.077298
  ],
  "kumpfmühler straße 52|93051|regensburg": [
    49.006901,
    12.086006
  ],
  "brienner straße|80333|münchen": [
    48.1466959,
    11.5621133
  ],
  "heidelberg": [
    49.4093582,
    8.694724
  ],
  "90431|nürnberg": [
    49.453872,
    11.077298
  ],
  "93059|regensburg": [
    49.0195333,
    12.0974869
  ],
  "karlsplatz 5|70173|stuttgart": [
    48.776557,
    9.18067
  ],
  "80331|münchen": [
    48.1371079,
    11.5753822
  ],
  "ingolstadt": [
    48.7630165,
    11.4250395
  ],
  "erlangen": [
    49.5977469,
    11.0037372
  ],
  "dingolfing": [
    48.6300801,
    12.4977434
  ],
  "barthstraße 12-22|münchen": [
    48.1378369,
    11.5282073
  ],
  "landsberger straße 84-90|münchen": [
    48.1451582,
    11.4802394
  ],
  "landsberger straße 94-98|münchen": [
    48.1400526,
    11.5376639
  ],
  "hamburg mitte": [
    53.5293836,
    9.9868308
  ],
  "freiburg": [
    47.9960901,
    7.8494005
  ],
  "hamburg-mitte": [
    53.5293836,
    9.9868308
  ],
  "münchen-schwabing": [
    48.1777302,
    11.5946593
  ],
  "90402|nürnberg": [
    49.453872,
    11.077298
  ],
  "69115|heidelberg": [
    49.4093582,
    8.694724
  ],
  "karlsruhe": [
    49.0068705,
    8.4034195
  ],
  "ulm": [
    48.3984968,
    9.9912458
  ],
  "bamberg": [
    49.8916044,
    10.8868478
  ],
  "passau": [
    48.5748229,
    13.4609744
  ],
  "darmstadt": [
    49.872775,
    8.651177
  ],
  "garching": [
    48.2513878,
    11.6509662
  ],
  "heilbronn": [
    49.142291,
    9.218655
  ],
  "bielefeld": [
    52.0191005,
    8.531007
  ],
  "01723|wilsdruff": [
    51.0524125,
    13.5362765
  ],
  "50667|köln": [
    50.938361,
    6.959974
  ],
  "aachen": [
    50.776351,
    6.083862
  ],
  "aschaffenburg": [
    49.9738133,
    9.1446665
  ],
  "wolfsburg": [
    52.4205588,
    10.7861682
  ],
  "deggendorf": [
    48.8333535,
    12.96205
  ],
  "erfurt": [
    50.9777974,
    11.0287364
  ],
  "schweinfurt": [
    50.0451485,
    10.2340647
  ],
  "10117|berlin": [
    52.5173885,
    13.3951309
  ],
  "oberhof": [
    50.7067756,
    10.7257435
  ],
  "bonn": [
    50.7352621,
    7.1024635
  ],
  "97421|schweinfurt": [
    50.0451485,
    10.2340647
  ],
  "33602|bielefeld": [
    52.0191005,
    8.531007
  ],
  "80333|münchen": [
    48.1371079,
    11.5753822
  ],
  "96047|bamberg": [
    49.8916044,
    10.8868478
  ],
  "10115|berlin": [
    52.5321914,
    13.3845571
  ],
  "93047|regensburg": [
    49.0195333,
    12.0974869
  ],
  "70173|stuttgart": [
    48.7784485,
    9.1800132
  ],
  "93345|neustadt an der donau": [
    48.8092638,
    11.7638295
  ],
  "marienplatz 1|80331|münchen": [
    48.137499,
    11.5747545
  ],
  "friedenstraße 6|93051|regensburg": [
    49.0102098,
    12.0904551
  ],
  "86199|augsburg": [
    48.3690341,
    10.8979522
  ],
  "22525|hamburg": [
    53.5501721,
    10.0013165
  ],
  "24937|flensburg": [
    54.7833021,
    9.4333264
  ],
  "60311|frankfurt am main": [
    50.1106444,
    8.6820917
  ],
  "13509|berlin": [
    52.5794812,
    13.3026719
  ],
  "01159|dresden": [
    51.0493286,
    13.7381437
  ],
  "80000|münchen-schwabing": [
    48.1777302,
    11.5946593
  ],
  "20095|hamburg": [
    53.5501721,
    10.0013165
  ],
  "hamburg|hamburg": [
    42.716293,
    -78.828717
  ],
  "wilsdruff": [
    51.0524125,
    13.5362765
  ],
  "10115|berlin-mitte": [
    52.5321914,
    13.3845571
  ],
  "71332|waiblingen": [
    48.8325659,
    9.3163822
  ],
  "85276|pfaffenhofen": [
    48.5296743,
    11.5084954
  ],
  "85276|erding": [
    48.3064441,
    11.9076579
  ],
  "83088|kiefersfelden": [
    47.6138408,
    12.188782
  ],
  "77933|heilbronn": [
    49.142291,
    9.218655
  ],
  "93444|plattling": [
    48.7766852,
    12.8733655
  ],
  "68167|mannheim": [
    49.4892913,
    8.4673098
  ],
  "75365|calw": [
    48.7142691,
    8.7397624
  ],
  "01445|radebeul": [
    51.0999765,
    13.6767995
  ],
  "82205|gilching": [
    48.1140289,
    11.2921549
  ],
  "80636|münchen": [
    48.1371079,
    11.5753822
  ],
  "85748|garching": [
    48.2513878,
    11.6509662
  ],
  "81375|münchen": [
    48.1371079,
    11.5753822
  ],
  "83209|prien am chiemsee": [
    47.8541669,
    12.3455493
  ],
  "85221|dachau": [
    48.2595085,
    11.4346724
  ],
  "40000|düsseldorf": [
    51.2254018,
    6.7763137
  ]
}