{
  "hildesheim": [
    52.1527188,
    9.9518083
  ],
  "31134|hildesheim": [
    52.1527188,
    9.9518083
  ],
  "kassel": [
    51.3157833,
    9.4978479
  ],
  "wrocław": [
    51.1089776,
    17.0326689
  ],
  "wroclaw": [
    51.1089776,
    17.0326689
  ],
  "wien": [
    48.2083537,
    16.3725042
  ],
  "zürich": [
    47.3744489,
    8.5410422
  ],
  "warschau": [
    52.2319581,
    21.0067249
  ]
}